{"acc": 0.7856553096721834, "loss": 0.19703540372761724, "_timestamp": 1675063657.5026407, "_runtime": 19.63015866279602, "_step": 7, "_wandb": {"runtime": 18}}