{"acc": 0.91060499266605, "loss": 0.14682774805182167, "_timestamp": 1675061636.4472415, "_runtime": 11.717094659805298, "_step": 7, "_wandb": {"runtime": 10}}